<root type="Data">
  <index type="int" value="1" />
  <scalar type="float" value="2.0" />
  <name type="string" value="root" />
  <active type="boolean" value="false" />
  <pos type="PVectorData">
    <x type="float" value="10.0" />
    <y type="float" value="20.0" />
    <z type="float" value="30.0" />
  </pos>
  <children type="ArrayList">
    <child_0 type="Data">
      <index type="int" value="2" />
      <scalar type="float" value="1.0" />
      <name type="string" value="child 1" />
      <active type="boolean" value="true" />
      <pos type="PVectorData">
        <x type="float" value="1.2" />
        <y type="float" value="3.4" />
        <z type="float" value="5.6" />
      </pos>
      <children type="ArrayList">
      </children>
    </child_0>
    <child_1 type="Data">
      <index type="int" value="3" />
      <scalar type="float" value="1.1" />
      <name type="string" value="child 2" />
      <active type="boolean" value="false" />
      <pos type="PVectorData">
        <x type="float" value="40.0" />
        <y type="float" value="-10.1" />
        <z type="float" value="62.0" />
      </pos>
      <children type="ArrayList">
      </children>
    </child_1>
  </children>
</root>
